id,created_at,username,current_rating
1,2024-04-01 19:55:51.4348+00,caitlin,"{""mu"": 31.201319532668226, ""sigma"": 6.277683987322258, ""ordinal"": 1496.8384216968348}"
2,2024-04-01 19:55:51.4348+00,Mikebot007,"{""mu"": 23.022764036402606, ""sigma"": 7.781412838654424, ""ordinal"": 1192.284612490544}"
3,2024-04-01 19:55:51.4348+00,ndwags,"{""mu"": 22.599015062140296, ""sigma"": 7.282924236118623, ""ordinal"": 1218.0058164908264}"
4,2024-04-01 19:55:51.4348+00,Qianpou,"{""mu"": 29.961605954711484, ""sigma"": 5.021001524159811, ""ordinal"": 1557.5664331735693}"
5,2024-04-01 19:55:51.4348+00,zevgon,"{""mu"": 25.50851966860916, ""sigma"": 4.427829623708953, ""ordinal"": 1493.4007391395753}"
6,2024-04-01 19:55:51.4348+00,Svaho,"{""mu"": 25.727095824332597, ""sigma"": 6.153670516419089, ""ordinal"": 1374.386022601808}"
7,2024-04-01 19:55:51.4348+00,eve,"{""mu"": 25, ""sigma"": 8.333333333333334, ""ordinal"": 1200}"
8,2024-04-01 19:55:51.4348+00,Awedish,"{""mu"": 29.94237961931214, ""sigma"": 5.1816725040365785, ""ordinal"": 1545.5366905728577}"
9,2024-04-01 19:55:51.4348+00,KyraWNY,"{""mu"": 22.33286969090589, ""sigma"": 7.415250468979931, ""ordinal"": 1202.0908388151863}"
10,2024-04-01 19:55:51.4348+00,adityakarthik,"{""mu"": 24.79643186952863, ""sigma"": 4.422495957467947, ""ordinal"": 1476.694655930995}"
11,2024-04-01 19:55:51.4348+00,AviDMeher,"{""mu"": 32.70223269594985, ""sigma"": 4.0146684431589605, ""ordinal"": 1695.7974567953513}"
12,2024-04-01 19:55:51.4348+00,FibausmHochhaus,"{""mu"": 33.559387983314366, ""sigma"": 5.163424138593493, ""ordinal"": 1633.6587736208132}"
13,2024-04-01 19:55:51.4348+00,Goliathsboy,"{""mu"": 20.09648916320121, ""sigma"": 7.967400741886895, ""ordinal"": 1108.6628865009725}"
14,2024-04-01 19:55:51.4348+00,Plamax,"{""mu"": 27.818585943188157, ""sigma"": 6.1001749921324455, ""ordinal"": 1428.4334632029797}"
15,2024-04-01 19:55:51.4348+00,Zagor,"{""mu"": 19.22818179043512, ""sigma"": 6.935673403401285, ""ordinal"": 1162.1078779255504}"
16,2024-04-01 19:55:51.4348+00,ThrowLow,"{""mu"": 26.739854937495203, ""sigma"": 7.611221668319981, ""ordinal"": 1293.7485583808461}"
17,2024-04-01 19:55:51.4348+00,Nevic,"{""mu"": 37.13544739060625, ""sigma"": 2.4153988079131463, ""ordinal"": 1917.3420232048034}"
18,2024-04-01 19:55:51.4348+00,SniffThis1,"{""mu"": 27.335231359383958, ""sigma"": 5.969997599309839, ""ordinal"": 1426.2057254749066}"
19,2024-04-01 19:55:51.4348+00,WrathClaw,"{""mu"": 25, ""sigma"": 8.333333333333334, ""ordinal"": 1200}"
20,2024-04-01 19:55:51.4348+00,N00dles,"{""mu"": 35.59968469521529, ""sigma"": 3.781854856331016, ""ordinal"": 1782.0988830293338}"
21,2024-04-01 19:55:51.4348+00,NoblaSalebla,"{""mu"": 29.256881321040215, ""sigma"": 6.390394022394675, ""ordinal"": 1442.0567820925485}"
22,2024-04-01 19:55:51.4348+00,AoB Joe,"{""mu"": 13.310084730628661, ""sigma"": 7.478350089249491, ""ordinal"": 981.0008271091245}"
23,2024-04-01 19:55:51.4348+00,ammorning,"{""mu"": 28.406320594159073, ""sigma"": 4.483151676255431, ""ordinal"": 1558.9647735694268}"
24,2024-04-01 19:55:51.4348+00,Maza,"{""mu"": 23.002949117237165, ""sigma"": 7.95275702536311, ""ordinal"": 1179.472272987548}"
25,2024-04-01 19:55:51.4348+00,johnak,"{""mu"": 19.27406590610809, ""sigma"": 7.045668391083918, ""ordinal"": 1155.289457588552}"
26,2024-04-01 19:55:51.4348+00,SinNider,"{""mu"": 19.862611178770425, ""sigma"": 7.4583516602010365, ""ordinal"": 1139.7013487560155}"
27,2024-04-01 19:55:51.4348+00,Kirby,"{""mu"": 19.696472787966304, ""sigma"": 7.288874237773317, ""ordinal"": 1147.9164017915125}"
28,2024-04-01 19:55:51.4348+00,Meguy1151,"{""mu"": 25, ""sigma"": 8.333333333333334, ""ordinal"": 1200}"
29,2024-04-01 19:55:51.4348+00,Underdoggo,"{""mu"": 25, ""sigma"": 8.333333333333334, ""ordinal"": 1200}"
30,2024-04-01 19:55:51.4348+00,vtdchi,"{""mu"": 18.95660802428478, ""sigma"": 7.261738320436506, ""ordinal"": 1132.1134335114064}"
31,2024-04-01 19:55:51.4348+00,Toon,"{""mu"": 23.971290452970717, ""sigma"": 7.045205881764572, ""ordinal"": 1268.056147384248}"
32,2024-04-01 19:55:51.4348+00,clime,"{""mu"": 27.112859316753894, ""sigma"": 5.197213842934122, ""ordinal"": 1476.5092269108368}"
33,2024-04-01 19:55:51.4348+00,Totttthhh,"{""mu"": 21.24498390296837, ""sigma"": 5.7416728491296904, ""ordinal"": 1296.4791685339032}"
34,2024-04-01 19:55:51.4348+00,releasethecralkin,"{""mu"": 30.41395924082586, ""sigma"": 3.3439062768863037, ""ordinal"": 1689.1737698440068}"
35,2024-04-01 19:55:51.4348+00,Chivvo,"{""mu"": 21.413689149063217, ""sigma"": 8.058224222802378, ""ordinal"": 1133.736395535746}"
36,2024-04-01 19:55:51.4348+00,Marty,"{""mu"": 33.83906512991947, ""sigma"": 7.37027805015512, ""ordinal"": 1481.4775435068987}"
37,2024-04-01 19:55:51.4348+00,Germy,"{""mu"": 31.090929527315595, ""sigma"": 3.313129043393854, ""ordinal"": 1707.6370175312168}"
38,2024-04-01 19:55:51.4348+00,smugskull,"{""mu"": 17.545864295512317, ""sigma"": 7.56708362732067, ""ordinal"": 1076.2707219252075}"
39,2024-04-01 19:55:51.4348+00,chrisgoering,"{""mu"": 30.914161485306757, ""sigma"": 6.769412871521671, ""ordinal"": 1454.5421488978018}"
40,2024-04-01 19:55:51.4348+00,Alexcalibur,"{""mu"": 18.57328396279107, ""sigma"": 5.821367615569633, ""ordinal"": 1226.620346785972}"
41,2024-04-01 19:55:51.4348+00,aditya96,"{""mu"": 19.537045451328947, ""sigma"": 7.500473810732315, ""ordinal"": 1128.854976459168}"
42,2024-04-01 19:55:51.4348+00,AxlPrototype,"{""mu"": 32.64542748728179, ""sigma"": 5.137438410495133, ""ordinal"": 1613.5946941391135}"
43,2024-04-01 19:55:51.4348+00,b1tmancer,"{""mu"": 25, ""sigma"": 8.333333333333334, ""ordinal"": 1200}"
44,2024-04-01 19:55:51.4348+00,Räubi,"{""mu"": 25, ""sigma"": 8.333333333333334, ""ordinal"": 1200}"
45,2024-04-01 19:55:51.4348+00,Ryepitch,"{""mu"": 22.202453529492313, ""sigma"": 7.404361655371601, ""ordinal"": 1199.7448455210601}"
46,2024-04-01 19:55:51.4348+00,Egon,"{""mu"": 23.252825034538535, ""sigma"": 7.324751757199152, ""ordinal"": 1230.685674310586}"
47,2024-04-01 19:55:51.4348+00,Ghostpieguy,"{""mu"": 25, ""sigma"": 8.333333333333334, ""ordinal"": 1200}"
48,2024-04-01 19:55:51.4348+00,Bizzusta,"{""mu"": 20.961748311210286, ""sigma"": 7.975225431951375, ""ordinal"": 1128.865728368548}"
49,2024-04-01 19:55:51.4348+00,ShakaSpell,"{""mu"": 26.253849957423526, ""sigma"": 7.724460155279452, ""ordinal"": 1273.931267798044}"
50,2024-04-01 19:55:51.4348+00,Colonel Forbin,"{""mu"": 21.02066397888433, ""sigma"": 7.463443308162405, ""ordinal"": 1167.1280173055306}"
51,2024-04-01 19:55:51.4348+00,CommandoMonkey,"{""mu"": 22.99048251459565, ""sigma"": 7.404742874952619, ""ordinal"": 1218.630093353707}"
52,2024-04-01 19:55:51.4348+00,donuhue,"{""mu"": 25.06248827269599, ""sigma"": 6.1023962504508455, ""ordinal"": 1362.1271885122428}"
53,2024-04-01 19:55:51.4348+00,MP_Invisible,"{""mu"": 21.549440591943238, ""sigma"": 6.5313805994995295, ""ordinal"": 1246.9271710426715}"
54,2024-04-01 19:55:51.4348+00,nobadinohz,"{""mu"": 31.926660800252407, ""sigma"": 2.87795775506459, ""ordinal"": 1759.0269008414073}"
55,2024-04-01 19:55:51.4348+00,NormanHologram,"{""mu"": 19.60524948756944, ""sigma"": 7.274209875130984, ""ordinal"": 1146.7828766922357}"
56,2024-04-01 19:55:51.4348+00,Mr. Brasil,"{""mu"": 19.974498058685672, ""sigma"": 5.828051248568947, ""ordinal"": 1259.768263511492}"
57,2024-04-01 19:55:51.4348+00,salmondip,"{""mu"": 16.786184062238817, ""sigma"": 5.5514971506114, ""ordinal"": 1203.1606226497108}"
58,2024-04-01 19:55:51.4348+00,oh_bob_saget,"{""mu"": 15.030384676922584, ""sigma"": 5.848910966108242, ""ordinal"": 1139.6076426863485}"
59,2024-04-01 19:55:51.4348+00,phyphor,"{""mu"": 12.365527880561936, ""sigma"": 7.514153238401356, ""ordinal"": 955.7536359685889}"
60,2024-04-01 19:55:51.4348+00,milton,"{""mu"": 22.498589491626454, ""sigma"": 7.342815850096846, ""ordinal"": 1211.283406592062}"
61,2024-04-01 19:55:51.4348+00,tomeleoon,"{""mu"": 38.42377423716358, ""sigma"": 3.738565380829075, ""ordinal"": 1852.9938742722325}"
62,2024-04-01 19:55:51.4348+00,Timemyth,"{""mu"": 14.260550321025159, ""sigma"": 7.5949075221294615, ""ordinal"": 995.4198661112825}"
63,2024-04-01 19:55:51.4348+00,Dinkaflicka,"{""mu"": 25, ""sigma"": 8.333333333333334, ""ordinal"": 1200}"
64,2024-04-01 19:55:51.4348+00,Hugu,"{""mu"": 27.05825060069076, ""sigma"": 3.2155116634597642, ""ordinal"": 1617.8811746474753}"
65,2024-04-01 19:55:51.4348+00,double clutch,"{""mu"": 23.05788684363124, ""sigma"": 7.011892930468877, ""ordinal"": 1248.5329932533907}"
66,2024-04-01 19:55:51.4348+00,KingDaDaDog,"{""mu"": 26.98743824292298, ""sigma"": 7.141935483484017, ""ordinal"": 1333.4791630193024}"
67,2024-04-01 19:55:51.4348+00,daveedojr,"{""mu"": 26.166163719876586, ""sigma"": 7.073314694497082, ""ordinal"": 1318.709271273248}"
68,2024-04-01 19:55:51.4348+00,3dsam1,"{""mu"": 21.506951289924814, ""sigma"": 4.679432717421263, ""ordinal"": 1379.2476753038645}"
69,2024-04-01 19:55:51.4348+00,Marspivak,"{""mu"": 27.696793685539756, ""sigma"": 7.560416912491025, ""ordinal"": 1320.3730307536002}"
70,2024-04-01 19:55:51.4348+00,bigner,"{""mu"": 26.086240317026643, ""sigma"": 7.3964593767393545, ""ordinal"": 1293.524692483406}"
71,2024-04-01 19:55:51.4348+00,snnaale43,"{""mu"": 15.922512740941919, ""sigma"": 5.838737086542529, ""ordinal"": 1161.751235551544}"
72,2024-04-01 19:55:51.4348+00,LordFrank,"{""mu"": 24.884418726858787, ""sigma"": 8.072714223674087, ""ordinal"": 1215.9906253400766}"
73,2024-04-01 19:55:51.4348+00,Reyl,"{""mu"": 25.065087451675726, ""sigma"": 7.327667673179583, ""ordinal"": 1273.9700263712875}"
74,2024-04-01 19:55:51.4348+00,Paju,"{""mu"": 29.505624525460565, ""sigma"": 7.384038552256122, ""ordinal"": 1376.4842128486127}"
75,2024-04-01 19:55:51.4348+00,GM,"{""mu"": 14.80925571264349, ""sigma"": 7.213912936297422, ""ordinal"": 1036.0204056900293}"
76,2024-04-01 19:55:51.4348+00,moop212,"{""mu"": 14.535246170626147, ""sigma"": 7.489247568598355, ""ordinal"": 1009.620083155946}"
77,2024-04-01 19:55:51.4348+00,moerichuk,"{""mu"": 22.129175254093834, ""sigma"": 4.932262424299517, ""ordinal"": 1375.9773115486869}"
78,2024-04-01 19:55:51.4348+00,Gilzgametoo,"{""mu"": 21.97994642872561, ""sigma"": 7.352685811503212, ""ordinal"": 1198.1253358611834}"
79,2024-04-01 19:55:51.4348+00,Kölsch,"{""mu"": 32.00459807343997, ""sigma"": 5.214584089932521, ""ordinal"": 1592.6602992874177}"
80,2024-04-01 19:55:51.4348+00,Tayzer Wayne,"{""mu"": 26.287152181189, ""sigma"": 5.5826543112298666, ""ordinal"": 1428.9405419399857}"
81,2024-04-01 19:55:51.4348+00,dankynugz,"{""mu"": 27.268473452257595, ""sigma"": 7.538300188899685, ""ordinal"": 1311.685749253405}"
82,2024-04-01 19:55:51.4348+00,SuaveJ,"{""mu"": 23.15233807779521, ""sigma"": 5.3068464682618455, ""ordinal"": 1373.5631681522323}"
83,2024-04-01 19:55:51.4348+00,Dzordz,"{""mu"": 25, ""sigma"": 8.333333333333334, ""ordinal"": 1200}"
84,2024-04-01 19:55:51.4348+00,Tinydoge,"{""mu"": 18.987708907721874, ""sigma"": 5.50668448871821, ""ordinal"": 1259.223730597614}"
85,2024-04-01 19:55:51.4348+00,Zottelschratz,"{""mu"": 34.720313919341145, ""sigma"": 3.734253183946172, ""ordinal"": 1764.4213048200631}"
86,2024-04-01 19:55:51.4348+00,achipinthesugar,"{""mu"": 17.533289899131265, ""sigma"": 7.637985878144529, ""ordinal"": 1070.8639743527442}"
87,2024-04-01 19:55:51.4348+00,Sid,"{""mu"": 21.57247072581728, ""sigma"": 7.985665239112678, ""ordinal"": 1142.7714002035018}"
88,2024-04-01 19:55:51.4348+00,I360,"{""mu"": 25, ""sigma"": 8.333333333333334, ""ordinal"": 1200}"
89,2024-04-01 19:55:51.4348+00,knuBBe,"{""mu"": 12.537470756397664, ""sigma"": 5.795903917916622, ""ordinal"": 1083.5942160635473}"
90,2024-04-01 19:55:51.4348+00,Wolftongue,"{""mu"": 13.625674912284751, ""sigma"": 7.150167055569552, ""ordinal"": 1012.2041698938262}"
91,2024-04-01 19:55:51.4348+00,Ben_Naylor,"{""mu"": 23.32487338680883, ""sigma"": 7.263284921629875, ""ordinal"": 1236.8404469260608}"
92,2024-04-01 19:55:51.4348+00,EchoPapa,"{""mu"": 32.6856318935685, ""sigma"": 3.9429814889401125, ""ordinal"": 1700.5604982419559}"
93,2024-04-01 19:55:51.4348+00,thenobleknave,"{""mu"": 25.26989526187808, ""sigma"": 4.969938950657247, ""ordinal"": 1448.6418818377522}"
94,2024-04-01 19:55:51.4348+00,beansanddice,"{""mu"": 12.25547542257746, ""sigma"": 5.742306336766822, ""ordinal"": 1080.685353894648}"
95,2024-04-01 19:55:51.4348+00,Northcreature,"{""mu"": 22.69367230886981, ""sigma"": 6.054972337968645, ""ordinal"": 1308.690127079133}"
96,2024-04-01 19:55:51.4348+00,Scuri,"{""mu"": 23.221486541859726, ""sigma"": 3.7622398756535005, ""ordinal"": 1486.4344059575815}"
97,2024-04-01 19:55:51.4348+00,krlosvzla,"{""mu"": 16.730648670181427, ""sigma"": 5.743356583061073, ""ordinal"": 1188.013894103957}"
98,2024-04-01 19:55:51.4348+00,Foster Tom,"{""mu"": 21.295548528586796, ""sigma"": 8.025316432888372, ""ordinal"": 1133.2703815181203}"
99,2024-04-01 19:55:51.4348+00,JoyDivision,"{""mu"": 37.657804961180254, ""sigma"": 2.415550047730042, ""ordinal"": 1929.867715631763}"
100,2024-04-01 19:55:51.4348+00,donov,"{""mu"": 25.501258417531126, ""sigma"": 5.526645918671018, ""ordinal"": 1414.1116958764337}"
101,2024-04-01 19:55:51.4348+00,FOMOF,"{""mu"": 31.67385152224111, ""sigma"": 2.65232478489361, ""ordinal"": 1769.2050520214468}"
102,2024-04-01 19:55:51.4348+00,BillyBeyond,"{""mu"": 20.02428141780539, ""sigma"": 6.926344355089535, ""ordinal"": 1181.8859604608829}"
103,2024-04-01 19:55:51.4348+00,Fllyingmustang,"{""mu"": 23.93090505213354, ""sigma"": 3.4304783063461515, ""ordinal"": 1527.347283194282}"
104,2024-04-01 19:55:51.4348+00,Kalambaka,"{""mu"": 17.827646804150056, ""sigma"": 7.125710297374542, ""ordinal"": 1114.8123818886343}"
105,2024-04-01 19:55:51.4348+00,twho,"{""mu"": 27.461594785266296, ""sigma"": 7.493146821093515, ""ordinal"": 1319.571703727658}"
106,2024-04-01 19:55:51.4348+00,Woodpecker,"{""mu"": 27.366908784883574, ""sigma"": 6.001068665736597, ""ordinal"": 1424.728866904171}"
107,2024-04-01 19:55:51.4348+00,CabelReady,"{""mu"": 29.113404572219423, ""sigma"": 5.2696873889235105, ""ordinal"": 1519.3042177307734}"
108,2024-04-01 19:55:51.4348+00,astenu,"{""mu"": 25, ""sigma"": 8.333333333333334, ""ordinal"": 1200}"
109,2024-04-01 19:55:51.4348+00,"Fylkir Tarkus ""Black Iron""","{""mu"": 16.776420191751424, ""sigma"": 5.845409535448494, ""ordinal"": 1181.7645980497425}"
110,2024-04-01 19:55:51.4348+00,MaryMark3000,"{""mu"": 23.159963717821153, ""sigma"": 7.490309907462682, ""ordinal"": 1216.5368158903946}"
111,2024-04-01 19:55:51.4348+00,Angry_Meeple,"{""mu"": 27.94070428209624, ""sigma"": 7.29028531412335, ""ordinal"": 1345.6763601534285}"
112,2024-04-01 19:55:51.4348+00,morewhales,"{""mu"": 45.99603160423154, ""sigma"": 4.594172990739138, ""ordinal"": 1973.124303168339}"
113,2024-04-01 19:55:51.4348+00,kibitzer,"{""mu"": 25, ""sigma"": 8.333333333333334, ""ordinal"": 1200}"
114,2024-04-01 19:55:51.4348+00,Prince Ali,"{""mu"": 31.085356145539315, ""sigma"": 3.3822342015084623, ""ordinal"": 1702.5276849843342}"
115,2024-04-01 19:55:51.4348+00,WARchrst,"{""mu"": 16.278775227387623, ""sigma"": 7.1879456587017385, ""ordinal"": 1073.1585180307777}"
116,2024-04-01 19:55:51.4348+00,JoeyTyke,"{""mu"": 28.746677966491138, ""sigma"": 3.4721213145873335, ""ordinal"": 1639.9275365454992}"
117,2024-04-01 19:55:51.4348+00,HistoryMystery,"{""mu"": 24.34407515129456, ""sigma"": 7.770482749881906, ""ordinal"": 1224.7830456395723}"
118,2024-04-01 19:55:51.4348+00,judicium,"{""mu"": 20.95554360512474, ""sigma"": 6.27876893533936, ""ordinal"": 1250.8616831785598}"
119,2024-04-01 19:55:51.4348+00,Gharr,"{""mu"": 22.086750857326766, ""sigma"": 5.273890626067146, ""ordinal"": 1350.361895499008}"
120,2024-04-01 19:55:51.4348+00,Feast4Crows,"{""mu"": 31.501154790221985, ""sigma"": 5.664715904527534, ""ordinal"": 1548.1681698393452}"
121,2024-04-01 19:55:51.4348+00,poserLX,"{""mu"": 31.88923372456217, ""sigma"": 2.704878887743274, ""ordinal"": 1770.5903294719765}"
122,2024-04-01 19:55:51.4348+00,dAy,"{""mu"": 36.1554241144526, ""sigma"": 2.857981652617544, ""ordinal"": 1861.9554997583991}"
123,2024-04-01 19:55:51.4348+00,bennyflips,"{""mu"": 24.42169079437535, ""sigma"": 6.339872279661223, ""ordinal"": 1329.6497749294003}"
124,2024-04-01 19:55:51.4348+00,snoopymate25,"{""mu"": 15.747026975117887, ""sigma"": 7.260451338280017, ""ordinal"": 1055.176151046668}"
125,2024-04-01 19:55:51.4348+00,erewego,"{""mu"": 27.856956675176253, ""sigma"": 5.745341964011233, ""ordinal"": 1454.9023387954212}"
126,2024-04-01 19:55:51.4348+00,Falagar,"{""mu"": 19.31921990992114, ""sigma"": 5.752732358952593, ""ordinal"": 1249.4645479935207}"
127,2024-04-01 19:55:51.4348+00,howdydoodie,"{""mu"": 20.517462187815326, ""sigma"": 7.327496834937697, ""ordinal"": 1164.8393203920537}"
128,2024-04-01 19:55:51.4348+00,MLoki,"{""mu"": 24.78944275703807, ""sigma"": 7.795593859774447, ""ordinal"": 1233.6638682651535}"
129,2024-04-01 19:55:51.4348+00,echostaffel,"{""mu"": 27.50804983272647, ""sigma"": 3.9408848667322416, ""ordinal"": 1576.4494855807138}"
130,2024-04-01 19:55:51.4348+00,Fresh Meat,"{""mu"": 29.175297718227057, ""sigma"": 6.255121773254055, ""ordinal"": 1449.8383775631573}"
131,2024-04-01 19:55:51.4348+00,Video Game Muso,"{""mu"": 25.96339824277804, ""sigma"": 7.129191767867917, ""ordinal"": 1309.819750540183}"
132,2024-04-01 19:55:51.4348+00,Albionwolf,"{""mu"": 32.22914854751917, ""sigma"": 6.630905568289218, ""ordinal"": 1496.0743642236366}"
133,2024-04-01 19:55:51.4348+00,Sophrosyne36,"{""mu"": 27.630733387968885, ""sigma"": 4.841781657703701, ""ordinal"": 1514.5293219565867}"
134,2024-04-01 19:55:51.4348+00,rabenjamain16,"{""mu"": 17.769839670245634, ""sigma"": 6.486563487223553, ""ordinal"": 1159.4435810057994}"
135,2024-04-01 19:55:51.4348+00,jay,"{""mu"": 27.52821791166299, ""sigma"": 7.558913059308483, ""ordinal"": 1316.4354896097009}"
136,2024-04-01 19:55:51.4348+00,smedley,"{""mu"": 25.517600693906637, ""sigma"": 6.125836628144296, ""ordinal"": 1371.36217942737}"
137,2024-04-01 19:55:51.4348+00,bembas,"{""mu"": 25.717262170187357, ""sigma"": 8.058224222802378, ""ordinal"": 1237.0221480427253}"
138,2024-04-01 19:55:51.4348+00,dizisarn,"{""mu"": 30.607505420453855, ""sigma"": 5.662177858661819, ""ordinal"": 1526.9033242672417}"
139,2024-04-01 19:55:51.4348+00,onyablock,"{""mu"": 33.04013202431568, ""sigma"": 6.421317773999756, ""ordinal"": 1530.6282888555938}"
140,2024-04-01 19:55:51.4348+00,SaneDude,"{""mu"": 25.943845493365586, ""sigma"": 7.390462777557184, ""ordinal"": 1290.5389718566566}"
141,2024-04-01 19:55:51.4348+00,tunibjork,"{""mu"": 19.20715712966947, ""sigma"": 7.4044879691402565, ""ordinal"": 1127.8486373339688}"
142,2024-04-01 19:55:51.4348+00,KennyRob,"{""mu"": 25.56092271359658, ""sigma"": 6.100806694032416, ""ordinal"": 1374.204063155984}"
143,2024-04-01 19:55:51.4348+00,MR_Munch,"{""mu"": 24.809689673892223, ""sigma"": 5.860546432079711, ""ordinal"": 1373.4732090636742}"
144,2024-04-01 19:55:51.4348+00,Ginger,"{""mu"": 24.380062161921956, ""sigma"": 7.35222954280016, ""ordinal"": 1255.7609648045154}"
145,2024-04-01 19:55:51.4348+00,viamer,"{""mu"": 25.803338843141365, ""sigma"": 4.807473404275029, ""ordinal"": 1473.1420471275906}"
146,2024-04-01 19:55:51.4348+00,F2PEngineer,"{""mu"": 16.799494559118475, ""sigma"": 7.510787698013851, ""ordinal"": 1062.4111551618462}"
147,2024-04-01 19:55:51.4348+00,1awesomeguy,"{""mu"": 14.950757545138416, ""sigma"": 7.222610174884317, ""ordinal"": 1038.790248491651}"
148,2024-04-01 19:55:51.4348+00,Mr. Der,"{""mu"": 37.60726429182957, ""sigma"": 2.5456633718985655, ""ordinal"": 1919.286580227213}"
149,2024-04-01 19:55:51.4348+00,bearly_trying,"{""mu"": 33.57845043100402, ""sigma"": 5.58021065187812, ""ordinal"": 1604.1076434088718}"
150,2024-04-01 19:55:51.4348+00,HeroofCanton,"{""mu"": 22.750180831460362, ""sigma"": 3.985389418633619, ""ordinal"": 1459.056301813428}"
151,2024-04-01 19:55:51.4348+00,loveable tofosi,"{""mu"": 23.85303310495979, ""sigma"": 3.411308615293056, ""ordinal"": 1526.8585742179348}"
152,2024-04-01 19:55:51.4348+00,backwardsdeer,"{""mu"": 26.106856330515, ""sigma"": 7.58805392422092, ""ordinal"": 1280.2246693884538}"
153,2024-04-01 19:55:51.4348+00,Zahart,"{""mu"": 27.138748770190215, ""sigma"": 7.19638762318532, ""ordinal"": 1333.190061615222}"
154,2024-04-01 19:55:51.4348+00,przechodzenachaos,"{""mu"": 27.736675610756127, ""sigma"": 7.7968554956452, ""ordinal"": 1304.3066189716926}"
155,2024-04-01 19:55:51.4348+00,LYB,"{""mu"": 20.14183563571728, ""sigma"": 5.03932276067678, ""ordinal"": 1320.5728164884865}"
156,2024-04-01 19:55:51.4348+00,Pascal,"{""mu"": 28.807062251839575, ""sigma"": 7.562216615652896, ""ordinal"": 1346.8898977171414}"
157,2024-04-01 19:55:51.4348+00,runningtrumpet,"{""mu"": 20.342793109987728, ""sigma"": 6.648526382647619, ""ordinal"": 1209.533135089077}"
158,2024-04-01 19:55:51.4348+00,truebroyeti,"{""mu"": 35.70295034368692, ""sigma"": 3.0778607624144243, ""ordinal"": 1835.2648333546476}"
159,2024-04-01 19:55:51.4348+00,Timislove,"{""mu"": 31.28526208253079, ""sigma"": 6.944604916837043, ""ordinal"": 1450.834735968472}"
160,2024-04-01 19:55:51.4348+00,Kradenth,"{""mu"": 23.645852365068805, ""sigma"": 7.218051086732622, ""ordinal"": 1247.8007785169025}"
161,2024-04-01 19:55:51.4348+00,boredgamer01,"{""mu"": 20.929831912504454, ""sigma"": 7.518097802518946, ""ordinal"": 1161.0129241187428}"
162,2024-04-01 19:55:51.4348+00,Zuelo,"{""mu"": 35.27590978079186, ""sigma"": 5.856871489740999, ""ordinal"": 1624.9270874776525}"
163,2024-04-01 19:55:51.4348+00,Genaros_bear,"{""mu"": 21.656778628003618, ""sigma"": 8.034355819115541, ""ordinal"": 1141.2890680957678}"
164,2024-04-01 19:55:51.4348+00,doctordoubleu,"{""mu"": 15.841191067385365, ""sigma"": 7.466978966050022, ""ordinal"": 1042.5661000616471}"
165,2024-04-01 19:55:51.4348+00,PrazoR,"{""mu"": 22.431463585352855, ""sigma"": 7.441269975515242, ""ordinal"": 1202.583687811371}"
166,2024-04-01 19:55:51.4348+00,KajDar,"{""mu"": 29.80982439751957, ""sigma"": 7.494575339049979, ""ordinal"": 1375.8263611288712}"
167,2024-04-01 19:55:51.4348+00,Zesix,"{""mu"": 27.861346269760528, ""sigma"": 6.655048222926531, ""ordinal"": 1389.5088384235423}"
168,2024-04-01 19:55:51.4348+00,Bascythe,"{""mu"": 22.422046921249983, ""sigma"": 6.738290337954768, ""ordinal"": 1252.9722217772562}"
169,2024-04-01 19:55:51.4348+00,Kuk!,"{""mu"": 28.972992110254065, ""sigma"": 7.312912168355326, ""ordinal"": 1368.822134524514}"
170,2024-04-01 19:55:51.4348+00,Bulldogcoma,"{""mu"": 21.157403827843776, ""sigma"": 6.852909106021848, ""ordinal"": 1214.3682362346776}"
171,2024-04-01 19:55:51.4348+00,quangson,"{""mu"": 26.292036636355732, ""sigma"": 6.716376369147065, ""ordinal"": 1347.429780693949}"
172,2024-04-01 19:55:51.4348+00,Halloworhorcrux,"{""mu"": 27.086677518016128, ""sigma"": 3.694928061292109, ""ordinal"": 1584.0454400193553}"
173,2024-04-01 19:55:51.4348+00,symphonous,"{""mu"": 31.27688707903498, ""sigma"": 4.750849956131593, ""ordinal"": 1608.584093055365}"
174,2024-04-01 19:55:51.4348+00,mrdoublehelix,"{""mu"": 27.565675423167487, ""sigma"": 7.5217617617271415, ""ordinal"": 1320.0093633116655}"
175,2024-04-01 19:55:51.4348+00,Winteriscoming,"{""mu"": 27.249112010653853, ""sigma"": 3.015973566811918, ""ordinal"": 1636.8285914452345}"
176,2024-04-01 19:55:51.4348+00,Ghostwheel,"{""mu"": 23.54325087778344, ""sigma"": 6.193616607258957, ""ordinal"": 1319.0976253441577}"
177,2024-04-01 19:55:51.4348+00,Cowpanda,"{""mu"": 28.92462563513505, ""sigma"": 7.497278029142175, ""ordinal"": 1354.3869971450047}"
178,2024-04-01 19:55:51.4348+00,RimbaBoss,"{""mu"": 27.064578172148213, ""sigma"": 5.772614302080611, ""ordinal"": 1433.9216463817531}"
179,2024-04-01 19:55:51.4348+00,Valiant,"{""mu"": 20.760749810913516, ""sigma"": 6.334778886383966, ""ordinal"": 1242.153915642279}"
180,2024-04-01 19:55:51.4348+00,kurtdog,"{""mu"": 26.812859246711085, ""sigma"": 4.882923468405016, ""ordinal"": 1491.938132195905}"
181,2024-04-01 19:55:51.4348+00,HarleyQuinn,"{""mu"": 24.291145258739117, ""sigma"": 4.756708530423958, ""ordinal"": 1440.5044720192138}"
182,2024-04-01 19:55:51.4348+00,kokeshi,"{""mu"": 29.366563314745413, ""sigma"": 7.464096701036549, ""ordinal"": 1367.3825570792583}"
183,2024-04-01 19:55:51.4348+00,Britta,"{""mu"": 27.647612950794564, ""sigma"": 4.85503825197385, ""ordinal"": 1513.9799566769523}"
184,2024-04-01 19:55:51.4348+00,snow814,"{""mu"": 27.042675301697066, ""sigma"": 7.249932548873357, ""ordinal"": 1327.029063721848}"
185,2024-04-01 19:55:51.4348+00,Gamer_Gid,"{""mu"": 32.1240016797335, ""sigma"": 5.894386328293308, ""ordinal"": 1546.5802246764858}"
186,2024-04-01 19:55:51.4348+00,Noobmaster5000,"{""mu"": 26.704320537677113, ""sigma"": 7.067437501513891, ""ordinal"": 1332.0481927952505}"
187,2024-04-01 19:55:51.4348+00,Ottawa.toronto,"{""mu"": 25, ""sigma"": 8.333333333333334, ""ordinal"": 1200}"
188,2024-04-01 19:55:51.4348+00,Combat Bluffer,"{""mu"": 25, ""sigma"": 8.333333333333334, ""ordinal"": 1200}"
189,2024-04-01 19:55:51.4348+00,errikos,"{""mu"": 25.13403909471912, ""sigma"": 7.827795228336514, ""ordinal"": 1239.6156818330298}"
190,2024-04-01 19:55:51.4348+00,StarCraft Logan,"{""mu"": 21.736855245279937, ""sigma"": 5.693386716105974, ""ordinal"": 1311.7606823270883}"
191,2024-04-01 19:55:51.4348+00,KingRob,"{""mu"": 24.372793685498717, ""sigma"": 5.345595291940967, ""ordinal"": 1400.0641874322196}"
192,2024-04-01 19:55:51.4348+00,CurryMonster,"{""mu"": 22.614317571685305, ""sigma"": 6.592171259333531, ""ordinal"": 1268.1072910484331}"
193,2024-04-01 19:55:51.4348+00,MooShuPanther,"{""mu"": 25, ""sigma"": 8.333333333333334, ""ordinal"": 1200}"
195,2024-04-01 19:55:51.4348+00,Fish,"{""mu"": 29.183260650909805, ""sigma"": 7.1097286274657145, ""ordinal"": 1388.497794444304}"
196,2024-04-01 19:55:51.4348+00,orangecaffeine,"{""mu"": 20.275354351757894, ""sigma"": 6.052834846208994, ""ordinal"": 1250.804395515142}"
197,2024-04-01 19:55:51.4348+00,TBJ1118,"{""mu"": 27.360655328154696, ""sigma"": 7.371294581280892, ""ordinal"": 1325.9225180234885}"
198,2024-04-01 19:55:51.4348+00,SteveWinwood,"{""mu"": 22.171837050341516, ""sigma"": 6.516270153016015, ""ordinal"": 1262.9526381910432}"
199,2024-04-01 19:55:51.4348+00,qazzaq,"{""mu"": 29.948572122041043, ""sigma"": 5.028329344490273, ""ordinal"": 1556.7260181256854}"
200,2024-04-01 19:55:51.4348+00,aDAMOpl,"{""mu"": 21.5824428360633, ""sigma"": 5.952193438812424, ""ordinal"": 1289.4207004710247}"
201,2024-04-01 19:55:51.4348+00,0,"{""mu"": 25, ""sigma"": 8.333333333333334, ""ordinal"": 1200}"
202,2024-04-01 19:55:51.4348+00,bbScythe,"{""mu"": 34.95808908432191, ""sigma"": 3.379841352578422, ""ordinal"": 1795.6455606380796}"
203,2024-04-01 19:55:51.4348+00,ndsurgenor,"{""mu"": 24.392610752001822, ""sigma"": 7.447330732334569, ""ordinal"": 1249.2148453199547}"
194,2024-04-01 19:55:51.4348+00,Grishous,"{""mu"": 28.01610921501184, ""sigma"": 4.224906196845238, ""ordinal"": 1568.193374987427}"
204,2024-12-07 00:00:00+00,Brofessor,"{""mu"": 22.657255110594658, ""sigma"": 5.918761846241101, ""ordinal"": 1317.6232697249125}"
205,2024-12-07 00:00:00+00,Hit Mann,"{""mu"": 31.24937685062348, ""sigma"": 5.57131412294121, ""ordinal"": 1548.8504275631963}"
206,2024-12-07 00:00:00+00,JVswashbuckler,"{""mu"": 24.622809345681347, ""sigma"": 6.484034803929454, ""ordinal"": 1324.0969184134317}"
207,2024-12-07 00:00:00+00,Maarek Stele,"{""mu"": 16.923549121685635, ""sigma"": 6.086146205693352, ""ordinal"": 1167.9626521105338}"
208,2024-12-07 00:00:00+00,TrailDucker,"{""mu"": 21.31207168064232, ""sigma"": 5.938891711892108, ""ordinal"": 1283.8895170791839}"
209,2024-12-07 00:00:00+00,WaveSamu,"{""mu"": 20.39730868159504, ""sigma"": 6.16156303605886, ""ordinal"": 1245.9028697620429}"
210,2024-12-07 00:00:00+00,stillcantfrontlever,"{""mu"": 25, ""sigma"": 8.333333333333334, ""ordinal"": 1200}"
211,2024-12-07 00:00:00+00,whisper0007,"{""mu"": 25, ""sigma"": 8.333333333333334, ""ordinal"": 1200}"
212,2024-12-07 00:00:00+00,CBSchess,"{""mu"": 25, ""sigma"": 8.333333333333334, ""ordinal"": 1200}"
213,2024-12-07 00:00:00+00,Duce,"{""mu"": 32.74767091438354, ""sigma"": 4.735230093842679, ""ordinal"": 1645.007535188532}"
214,2024-12-07 00:00:00+00,thebluebus,"{""mu"": 25, ""sigma"": 8.333333333333334, ""ordinal"": 1200}"
215,2026-01-07 00:00:00+00,batwoman3,"{""mu"": 32.48005595010152, ""sigma"": 5.698967764893762, ""ordinal"": 1569.1956637300857}"
216,2026-01-07 00:00:00+00,Berzo,"{""mu"": 23.25490856530514, ""sigma"": 6.020146662240589, ""ordinal"": 1324.667245886001}"
217,2026-01-07 00:00:00+00,naoki_28044,"{""mu"": 28.702171828959727, ""sigma"": 5.878235159865162, ""ordinal"": 1465.6191923847418}"
218,2026-01-07 00:00:00+00,DonKikong,"{""mu"": 29.746757516172636, ""sigma"": 6.033516003282252, ""ordinal"": 1479.509028151821}"
219,2026-01-07 00:00:00+00,lvgjann,"{""mu"": 20.96313670561461, ""sigma"": 6.00892608194226, ""ordinal"": 1270.472603034908}"
220,2026-01-07 00:00:00+00,22percent,"{""mu"": 24.657594619779495, ""sigma"": 6.054942428627243, ""ordinal"": 1355.8264160135463}"
221,2026-01-07 00:00:00+00,MarvTheDwarf,"{""mu"": 29.110009640323117, ""sigma"": 6.018874767174742, ""ordinal"": 1465.2812481311735}"
222,2026-01-07 00:00:00+00,nrKa,"{""mu"": 23.504841687217983, ""sigma"": 6.458006845054289, ""ordinal"": 1299.1397076493229}"
223,2026-01-07 00:00:00+00,JackFromYourHouse,"{""mu"": 18.91375101466604, ""sigma"": 6.154313060824431, ""ordinal"": 1210.819483972626}"
224,2026-01-07 00:00:00+00,Masqueey,"{""mu"": 25.094230077923108, ""sigma"": 5.9147596991886555, ""ordinal"": 1376.3988235285715}"
225,2026-01-07 00:00:00+00,Pscott3400,"{""mu"": 18.21013626562669, ""sigma"": 6.210268391387287, ""ordinal"": 1189.9039461951559}"
226,2026-01-07 00:00:00+00,Veritasaequitas204,"{""mu"": 23.25614293824852, ""sigma"": 6.256699482366719, ""ordinal"": 1307.6650677875607}"
227,2026-01-07 00:00:00+00,egamma.net,"{""mu"": 17.980004053655684, ""sigma"": 6.368630858303171, ""ordinal"": 1172.978675489908}"
228,2026-01-07 00:00:00+00,Hasbinbad,"{""mu"": 18.750899763053187, ""sigma"": 6.409639053743957, ""ordinal"": 1188.5275824437117}"
229,2026-01-07 00:00:00+00,nullPoint,"{""mu"": 29.022268241645442, ""sigma"": 6.3467959982038025, ""ordinal"": 1439.5651259288168}"
230,2026-01-07 00:00:00+00,GarretK,"{""mu"": 30.9620054286498, ""sigma"": 6.013965593644604, ""ordinal"": 1510.0826075451837}"
231,2026-01-07 00:00:00+00,Big Red Fred,"{""mu"": 24.17051486999175, ""sigma"": 6.27702229580843, ""ordinal"": 1328.146751581595}"
232,2026-01-07 00:00:00+00,DillyP17,"{""mu"": 19.427308812899234, ""sigma"": 6.260733693436791, ""ordinal"": 1215.4825855821327}"
233,2026-01-07 00:00:00+00,IanJophess,"{""mu"": 18.132834225812978, ""sigma"": 6.292625108431673, ""ordinal"": 1182.119013612431}"
234,2026-01-07 00:00:00+00,.starreaper,"{""mu"": 20.788462236053768, ""sigma"": 6.339145259042681, ""ordinal"": 1242.5046350142175}"
235,2026-03-03 00:00:00+00,JustForFun01,"{""mu"": 25, ""sigma"": 8.333333333333334, ""ordinal"": 1200}"
236,2026-03-03 00:00:00+00,NordBear,"{""mu"": 25, ""sigma"": 8.333333333333334, ""ordinal"": 1200}"
237,2026-03-03 00:00:00+00,twoandhalfpi,"{""mu"": 25, ""sigma"": 8.333333333333334, ""ordinal"": 1200}"
